                  epoch,         train/box_loss,         train/cls_loss,         train/dfl_loss,   metrics/precision(B),      metrics/recall(B),       metrics/mAP50(B),    metrics/mAP50-95(B),           val/box_loss,           val/cls_loss,           val/dfl_loss,                 lr/pg0,                 lr/pg1,                 lr/pg2
                      1,                 3.0814,                 3.4737,                 3.9516,                0.11536,                0.16758,                0.08442,                0.02118,                 2.8353,                 3.3198,                 4.0889,             0.00066242,             0.00066242,             0.00066242
                      2,                 2.5733,                 3.0811,                  3.175,                0.19497,                0.36794,                0.13498,                0.03246,                 2.6476,                 3.1292,                 3.4175,              0.0010659,              0.0010659,              0.0010659
                      3,                 2.2433,                 2.7134,                  2.834,                0.35026,                0.43696,                0.25609,                0.08977,                 2.2852,                 3.3263,                  3.028,              0.0012054,              0.0012054,              0.0012054
                      4,                 1.9361,                 2.3378,                 2.5067,                0.67513,                 0.5413,                0.59182,                0.34027,                 1.6563,                 2.0175,                 2.4893,               0.000812,               0.000812,               0.000812
                      5,                 1.7335,                  2.088,                 2.2863,                 0.8946,                0.57559,                0.68021,                0.48768,                 1.3137,                 1.6301,                  2.198,               0.000416,               0.000416,               0.000416
